rmse,mae,r2
4.456651598868098,3.331895628459738,0.7349718602952315
