rmse,mae,r2
25563.847834352222,25563.6702630108,-9592148.210721608
