rmse,mae,r2
88.109390671598,70.78442934309938,-112.94830619440886
