rmse,mae,r2
87.61112389240127,70.83999027765739,-101.42196953898362
