rmse,mae,r2
4.230508921300648,3.2553914286191765,0.7373068739405224
