rmse,mae,r2
3.4598545149582516,2.6480385363427374,0.8242970096918303
